,Hastag,timestamp,positive,negative,medium
0,copamundialfifa,2009-04-23,0.26006696,0.07334632,0.6665867
1,qatar2022,2009-04-23,0.26006696,0.07334632,0.6665867
2,qatar2022,2017-05-11,0.02761153,0.17034268,0.8020459
3,iranusa,2017-05-11,0.02761153,0.17034268,0.8020459
4,mundialqatar2022,2019-09-13,0.16716258,0.05011766,0.78271973
5,méxico,2019-09-13,0.16716258,0.05011766,0.78271973
6,qatar2022,2019-09-13,0.16716258,0.05011766,0.78271973
7,qatar2022,2020-11-11,0.07762612,0.18233532,0.7400386
8,usmnt,2020-11-11,0.07762612,0.18233532,0.7400386
9,mundialqatar2022,2020-12-12,0.16716258,0.05011766,0.78271973
10,méxico,2020-12-12,0.16716258,0.05011766,0.78271973
11,qatar2022,2020-12-12,0.16716258,0.05011766,0.78271973
12,qatar2022,2021-09-21,0.16716258,0.05011766,0.78271973
13,mundialqatar2022,2021-09-21,0.16716258,0.05011766,0.78271973
14,méxico,2021-09-21,0.16716258,0.05011766,0.78271973
15,qatar2022,2022-02-01,0.04907888,0.06130721,0.88961387
16,qatar2022,2022-03-30,0.35926103,0.0091806159999999,0.63155836
17,qatar2022,2022-04-06,0.07289883,0.03620151,0.89089966
18,qatar2022,2022-04-23,0.04016889,0.2401561,0.719675
19,samuraiblue,2022-04-23,0.04016889,0.2401561,0.719675
20,qatarworldcup2022,2022-04-23,0.1604818,0.0062628,0.8332554
21,worldcup,2022-04-23,0.04016889,0.2401561,0.719675
22,qatar2022,2022-05-06,0.08602688,0.03447551,0.87949765
23,argentina,2022-05-06,0.08602688,0.03447551,0.87949765
24,fifa,2022-05-06,0.08602688,0.03447551,0.87949765
25,qatar,2022-06-02,0.03549474,0.14908145,0.8154238
26,iran,2022-06-02,0.03549474,0.14908145,0.8154238
27,china,2022-06-02,0.03549474,0.14908145,0.8154238
28,qatar2022,2022-06-02,0.03549474,0.14908145,0.8154238
29,qatar2022,2022-08-16,0.16716258,0.05011766,0.78271973
30,méxico,2022-08-16,0.16716258,0.05011766,0.78271973
31,mundialqatar2022,2022-08-16,0.16716258,0.05011766,0.78271973
32,mundialqatar2022,2022-08-17,0.16716258,0.05011766,0.78271973
33,qatar2022,2022-08-17,0.16716258,0.05011766,0.78271973
34,méxico,2022-08-17,0.16716258,0.05011766,0.78271973
35,qatarworldcup2022,2022-09-28,0.13890824,0.07755382,0.7835379
36,qatar2022,2022-09-28,0.13890824,0.07755382,0.7835379
37,fifaworldcup,2022-09-28,0.13890824,0.07755382,0.7835379
38,qatar2022,2022-09-29,0.23081222,0.0074947,0.76169306
39,mahsa_amini,2022-10-01,0.22472183,0.14243805,0.63284016
40,iran,2022-10-01,0.22472183,0.14243805,0.63284016
41,mundialqatar2022,2022-10-02,0.16716258,0.05011766,0.78271973
42,qatar2022,2022-10-02,0.16716258,0.05011766,0.78271973
43,méxico,2022-10-02,0.16716258,0.05011766,0.78271973
44,qatar2022,2022-10-09,0.88267225,0.00218229,0.11514543
45,football,2022-10-12,0.20180807,0.05513808,0.7430538
46,worldcupqatar2022,2022-10-12,0.20180807,0.05513808,0.7430538
47,qatar2022,2022-10-12,0.20180807,0.05513808,0.7430538
48,qatar2022,2022-10-17,0.0348136875,0.1261953975,0.838990865
49,worldcupqatar2022,2022-10-17,0.0348136875,0.1261953975,0.838990865
50,worldcup2022,2022-10-17,0.0348136875,0.1261953975,0.838990865
51,mehransamak,2022-10-21,0.00741131,0.7737817,0.218807
52,saytheirnames,2022-10-21,0.007206535,0.79745113,0.195342335
53,irnusa,2022-10-21,0.00449111625,0.8838105,0.1116983775
54,qatar2022,2022-10-21,0.0048155822222222,0.8715850777777778,0.1235993355555555
55,mahsaamini,2022-10-28,0.01582872,0.5505046,0.43366665
56,irnusa,2022-10-28,0.01582872,0.5505046,0.43366665
57,qatar2022,2022-10-28,0.0423899066666666,0.2258711,0.7317390166666667
58,worldcupqatar2022,2022-11-01,0.03748248,0.21282746,0.74969006
59,qatar2022,2022-11-01,0.03748248,0.21282746,0.74969006
60,qatarworldcup2022,2022-11-02,0.12681572,0.1051750524999999,0.7680092125
61,qatar2022,2022-11-02,0.12681572,0.1051750524999999,0.7680092125
62,qatar2022,2022-11-03,0.11105316,0.04422555,0.8447213
63,iran,2022-11-04,0.07272826,0.16607903,0.76119274
64,iranprotests2022,2022-11-04,0.07272826,0.16607903,0.76119274
65,iranprotests,2022-11-04,0.07272826,0.16607903,0.76119274
66,qatar2022,2022-11-04,0.07272826,0.16607903,0.76119274
67,wc2022,2022-11-04,0.07272826,0.16607903,0.76119274
68,fifaworldcup2022,2022-11-04,0.07272826,0.16607903,0.76119274
69,freedom,2022-11-04,0.07272826,0.16607903,0.76119274
70,fifaworldcup,2022-11-04,0.07272826,0.16607903,0.76119274
71,worldcup,2022-11-04,0.07272826,0.16607903,0.76119274
72,irgc,2022-11-04,0.07272826,0.16607903,0.76119274
73,opiran,2022-11-04,0.07272826,0.16607903,0.76119274
74,freeiran,2022-11-04,0.07272826,0.16607903,0.76119274
75,mahsaamini,2022-11-04,0.07272826,0.16607903,0.76119274
76,womenlifefreedom,2022-11-04,0.07272826,0.16607903,0.76119274
77,mahsa_amini,2022-11-04,0.07272826,0.16607903,0.76119274
78,worldcup2022,2022-11-04,0.07272826,0.16607903,0.76119274
79,iranrevolution2022,2022-11-04,0.07272826,0.16607903,0.76119274
80,tehran,2022-11-04,0.07272826,0.16607903,0.76119274
81,r2pforiran,2022-11-04,0.07272826,0.16607903,0.76119274
82,iranrevolution,2022-11-04,0.07272826,0.16607903,0.76119274
83,tehran,2022-11-05,0.07272826,0.16607903,0.76119274
84,qatar2022,2022-11-05,0.14723297,0.0904449233333333,0.76232209
85,worldcup,2022-11-05,0.07272826,0.16607903,0.76119274
86,wc2022,2022-11-05,0.07272826,0.16607903,0.76119274
87,méxico,2022-11-05,0.16716258,0.05011766,0.78271973
88,mahsaamini,2022-11-05,0.07272826,0.16607903,0.76119274
89,r2pforiran,2022-11-05,0.07272826,0.16607903,0.76119274
90,womenlifefreedom,2022-11-05,0.07272826,0.16607903,0.76119274
91,mahsa_amini,2022-11-05,0.07272826,0.16607903,0.76119274
92,worldcup2022,2022-11-05,0.07272826,0.16607903,0.76119274
93,fifaworldcup,2022-11-05,0.07272826,0.16607903,0.76119274
94,iran,2022-11-05,0.07272826,0.16607903,0.76119274
95,freeiran,2022-11-05,0.07272826,0.16607903,0.76119274
96,opiran,2022-11-05,0.07272826,0.16607903,0.76119274
97,iranprotests2022,2022-11-05,0.07272826,0.16607903,0.76119274
98,football,2022-11-05,0.20180807,0.05513808,0.7430538
99,iranrevolution2022,2022-11-05,0.07272826,0.16607903,0.76119274
100,freedom,2022-11-05,0.07272826,0.16607903,0.76119274
101,iranprotests,2022-11-05,0.07272826,0.16607903,0.76119274
102,irgc,2022-11-05,0.07272826,0.16607903,0.76119274
103,fifaworldcup2022,2022-11-05,0.07272826,0.16607903,0.76119274
104,mundialqatar2022,2022-11-05,0.16716258,0.05011766,0.78271973
105,worldcupqatar2022,2022-11-05,0.20180807,0.05513808,0.7430538
106,iranrevolution,2022-11-05,0.07272826,0.16607903,0.76119274
107,méxico,2022-11-06,0.16716258,0.05011766,0.78271973
108,qatar2022,2022-11-06,0.10617888,0.08680329,0.807017815
109,mundialqatar2022,2022-11-06,0.16716258,0.05011766,0.78271973
110,iranprotests2022,2022-11-07,0.07272826,0.16607903,0.76119274
111,iranrevolution2022,2022-11-07,0.07272826,0.16607903,0.76119274
112,freedom,2022-11-07,0.07272826,0.16607903,0.76119274
113,womenlifefreedom,2022-11-07,0.07272826,0.16607903,0.76119274
114,qatar2022,2022-11-07,0.07554814,0.10737108,0.8170807950000001
115,freeiran,2022-11-07,0.07272826,0.16607903,0.76119274
116,mahsa_amini,2022-11-07,0.07272826,0.16607903,0.76119274
117,worldcup2022,2022-11-07,0.07272826,0.16607903,0.76119274
118,wc2022,2022-11-07,0.07272826,0.16607903,0.76119274
119,tehran,2022-11-07,0.07272826,0.16607903,0.76119274
120,r2pforiran,2022-11-07,0.07272826,0.16607903,0.76119274
121,fifaworldcup,2022-11-07,0.07272826,0.16607903,0.76119274
122,fifaworldcup2022,2022-11-07,0.07272826,0.16607903,0.76119274
123,irgc,2022-11-07,0.07272826,0.16607903,0.76119274
124,mahsaamini,2022-11-07,0.07272826,0.16607903,0.76119274
125,iranrevolution,2022-11-07,0.07272826,0.16607903,0.76119274
126,opiran,2022-11-07,0.07272826,0.16607903,0.76119274
127,iran,2022-11-07,0.07272826,0.16607903,0.76119274
128,worldcup,2022-11-07,0.07272826,0.16607903,0.76119274
129,iranprotests,2022-11-07,0.07272826,0.16607903,0.76119274
130,fifaworldcup2022,2022-11-08,0.07272826,0.16607903,0.76119274
131,iranprotests,2022-11-08,0.07272826,0.16607903,0.76119274
132,freedom,2022-11-08,0.07272826,0.16607903,0.76119274
133,fifaworldcup,2022-11-08,0.07272826,0.16607903,0.76119274
134,mahsaamini,2022-11-08,0.07272826,0.16607903,0.76119274
135,irgc,2022-11-08,0.07272826,0.16607903,0.76119274
136,iranrevolution2022,2022-11-08,0.07272826,0.16607903,0.76119274
137,iranrevolution,2022-11-08,0.07272826,0.16607903,0.76119274
138,worldcup,2022-11-08,0.07272826,0.16607903,0.76119274
139,tehran,2022-11-08,0.07272826,0.16607903,0.76119274
140,iran,2022-11-08,0.07272826,0.16607903,0.76119274
141,wc2022,2022-11-08,0.07272826,0.16607903,0.76119274
142,womenlifefreedom,2022-11-08,0.07272826,0.16607903,0.76119274
143,mahsa_amini,2022-11-08,0.07272826,0.16607903,0.76119274
144,opiran,2022-11-08,0.07272826,0.16607903,0.76119274
145,iranprotests2022,2022-11-08,0.07272826,0.16607903,0.76119274
146,qatar2022,2022-11-08,0.07272826,0.16607903,0.76119274
147,r2pforiran,2022-11-08,0.07272826,0.16607903,0.76119274
148,worldcup2022,2022-11-08,0.07272826,0.16607903,0.76119274
149,freeiran,2022-11-08,0.07272826,0.16607903,0.76119274
150,iran,2022-11-09,0.07272826,0.16607903,0.76119274
151,iranrevolution2022,2022-11-09,0.07272826,0.16607903,0.76119274
152,worldcup2022,2022-11-09,0.07272826,0.16607903,0.76119274
153,iranprotests2022,2022-11-09,0.07272826,0.16607903,0.76119274
154,opiran,2022-11-09,0.07272826,0.16607903,0.76119274
155,iranrevolution,2022-11-09,0.07272826,0.16607903,0.76119274
156,tehran,2022-11-09,0.07272826,0.16607903,0.76119274
157,fifaworldcup,2022-11-09,0.07272826,0.16607903,0.76119274
158,iranprotests,2022-11-09,0.07272826,0.16607903,0.76119274
159,qatar2022,2022-11-09,0.07272826,0.16607903,0.76119274
160,irgc,2022-11-09,0.07272826,0.16607903,0.76119274
161,worldcup,2022-11-09,0.07272826,0.16607903,0.76119274
162,freedom,2022-11-09,0.07272826,0.16607903,0.76119274
163,womenlifefreedom,2022-11-09,0.07272826,0.16607903,0.76119274
164,fifaworldcup2022,2022-11-09,0.07272826,0.16607903,0.76119274
165,wc2022,2022-11-09,0.07272826,0.16607903,0.76119274
166,mahsaamini,2022-11-09,0.07272826,0.16607903,0.76119274
167,freeiran,2022-11-09,0.07272826,0.16607903,0.76119274
168,r2pforiran,2022-11-09,0.07272826,0.16607903,0.76119274
169,mahsa_amini,2022-11-09,0.07272826,0.16607903,0.76119274
170,r2pforiran,2022-11-10,0.07272826,0.16607903,0.76119274
171,iranrevolution2022,2022-11-10,0.07272826,0.16607903,0.76119274
172,mahsa_amini,2022-11-10,0.07272826,0.16607903,0.76119274
173,qatarworldcup2022,2022-11-10,0.00931785,0.7380589,0.25262317
174,iranprotests2022,2022-11-10,0.07272826,0.16607903,0.76119274
175,iranrevolution,2022-11-10,0.07272826,0.16607903,0.76119274
176,fifaworldcup,2022-11-10,0.07272826,0.16607903,0.76119274
177,mahsaamini,2022-11-10,0.0515914566666666,0.3567389866666666,0.5916695500000001
178,tehran,2022-11-10,0.07272826,0.16607903,0.76119274
179,saytheirnames,2022-11-10,0.00836458,0.7559203,0.235715085
180,womenlifefreedom,2022-11-10,0.07272826,0.16607903,0.76119274
181,qatar2022,2022-11-10,0.05137584,0.1996713415384615,0.7489528315384616
182,iran,2022-11-10,0.07272826,0.16607903,0.76119274
183,fifaworldcup2022,2022-11-10,0.07272826,0.16607903,0.76119274
184,irgc,2022-11-10,0.07272826,0.16607903,0.76119274
185,wc2022,2022-11-10,0.07272826,0.16607903,0.76119274
186,worldcup,2022-11-10,0.07272826,0.16607903,0.76119274
187,worldcup2022,2022-11-10,0.07272826,0.16607903,0.76119274
188,freedom,2022-11-10,0.07272826,0.16607903,0.76119274
189,opiran,2022-11-10,0.07272826,0.16607903,0.76119274
190,freeiran,2022-11-10,0.07272826,0.16607903,0.76119274
191,mehransamak,2022-11-10,0.00836458,0.7559203,0.235715085
192,iranprotests,2022-11-10,0.07272826,0.16607903,0.76119274
193,usa,2022-11-10,0.00931785,0.7380589,0.25262317
194,qatar2022,2022-11-11,0.0843670885714285,0.1046497685714285,0.8109831471428571
195,mahsa_amini,2022-11-11,0.07272826,0.16607903,0.7611927399999999
196,r2pforiran,2022-11-11,0.07272826,0.16607903,0.7611927399999999
197,fifaworldcup2022,2022-11-11,0.07272826,0.16607903,0.7611927399999999
198,freeiran,2022-11-11,0.07272826,0.16607903,0.7611927399999999
199,iranrevolution,2022-11-11,0.07272826,0.16607903,0.7611927399999999
200,iranprotests2022,2022-11-11,0.07272826,0.16607903,0.7611927399999999
201,iran,2022-11-11,0.07272826,0.16607903,0.7611927399999999
202,tehran,2022-11-11,0.07272826,0.16607903,0.7611927399999999
203,opiran,2022-11-11,0.07272826,0.16607903,0.7611927399999999
204,wc2022,2022-11-11,0.07272826,0.16607903,0.7611927399999999
205,worldcup2022,2022-11-11,0.07272826,0.16607903,0.7611927399999999
206,fifaworldcup,2022-11-11,0.06951679,0.149304255,0.7811789675
207,iranprotests,2022-11-11,0.07272826,0.16607903,0.7611927399999999
208,irgc,2022-11-11,0.07272826,0.16607903,0.7611927399999999
209,freedom,2022-11-11,0.07272826,0.16607903,0.7611927399999999
210,iranrevolution2022,2022-11-11,0.07272826,0.16607903,0.7611927399999999
211,qatarworldcup2022,2022-11-11,0.1137835949999999,0.027748625,0.85846775
212,worldcup,2022-11-11,0.07272826,0.16607903,0.7611927399999999
213,womenlifefreedom,2022-11-11,0.07272826,0.16607903,0.7611927399999999
214,mahsaamini,2022-11-11,0.07272826,0.16607903,0.7611927399999999
215,saytheirnames,2022-11-12,0.00402975,0.8729838,0.12298653
216,opiran,2022-11-12,0.07272826,0.16607903,0.76119274
217,iranprotests,2022-11-12,0.07272826,0.16607903,0.76119274
218,tehran,2022-11-12,0.07272826,0.16607903,0.76119274
219,iran,2022-11-12,0.07272826,0.16607903,0.76119274
220,mahsaamini,2022-11-12,0.07162750625,0.1591252349999999,0.7692472725
221,iranrevolution2022,2022-11-12,0.07272826,0.16607903,0.76119274
222,wc2022,2022-11-12,0.07272826,0.16607903,0.76119274
223,iranprotests2022,2022-11-12,0.07272826,0.16607903,0.76119274
224,worldcup2022,2022-11-12,0.07162750625,0.1591252349999999,0.7692472725
225,fifaworldcup,2022-11-12,0.07272826,0.16607903,0.76119274
226,womenlifefreedom,2022-11-12,0.07272826,0.16607903,0.76119274
227,fifaworldcup2022,2022-11-12,0.07272826,0.16607903,0.76119274
228,r2pforiran,2022-11-12,0.07272826,0.16607903,0.76119274
229,worldcup,2022-11-12,0.07272826,0.16607903,0.76119274
230,freedom,2022-11-12,0.07272826,0.16607903,0.76119274
231,qatar2022,2022-11-12,0.0641166444444444,0.2384428533333333,0.6974405233333334
232,mahsa_amini,2022-11-12,0.07272826,0.16607903,0.76119274
233,iranrevolution,2022-11-12,0.07272826,0.16607903,0.76119274
234,qatarworldcup2022,2022-11-12,0.06392223,0.11044867,0.825629
235,irgc,2022-11-12,0.07272826,0.16607903,0.76119274
236,freeiran,2022-11-12,0.07272826,0.16607903,0.76119274
237,wc2022,2022-11-13,0.07272826,0.16607903,0.76119274
238,iranprotests,2022-11-13,0.07272826,0.16607903,0.76119274
239,iranprotests2022,2022-11-13,0.07272826,0.16607903,0.76119274
240,fifaworldcup2022,2022-11-13,0.07272826,0.16607903,0.76119274
241,qatarworldcup2022,2022-11-13,0.10211585,0.06529483,0.8325893
242,iran,2022-11-13,0.07272826,0.16607903,0.76119274
243,fifaworldcup,2022-11-13,0.105978012,0.1289630439999999,0.7650589560000001
244,worldcup,2022-11-13,0.07272826,0.16607903,0.76119274
245,iranrevolution2022,2022-11-13,0.07272826,0.16607903,0.76119274
246,womenlifefreedom,2022-11-13,0.07272826,0.16607903,0.76119274
247,irgc,2022-11-13,0.07272826,0.16607903,0.76119274
248,qatar2022,2022-11-13,0.41817062625,0.07714919125,0.5046801875
249,freeiran,2022-11-13,0.07272826,0.16607903,0.76119274
250,mahsaamini,2022-11-13,0.07272826,0.16607903,0.76119274
251,iranrevolution,2022-11-13,0.07272826,0.16607903,0.76119274
252,opiran,2022-11-13,0.07272826,0.16607903,0.76119274
253,tehran,2022-11-13,0.07272826,0.16607903,0.76119274
254,worldcup2022,2022-11-13,0.0712239866666666,0.1314992499999999,0.7972767933333333
255,mahsa_amini,2022-11-13,0.07272826,0.16607903,0.76119274
256,r2pforiran,2022-11-13,0.07272826,0.16607903,0.76119274
257,freedom,2022-11-13,0.07272826,0.16607903,0.76119274
258,qatar2022,2022-11-14,0.09282929,0.086636281,0.8205344130000001
259,iran,2022-11-14,0.07272826,0.16607903,0.76119274
260,worldcup,2022-11-14,0.07272826,0.16607903,0.76119274
261,freedom,2022-11-14,0.07272826,0.16607903,0.76119274
262,fifaworldcup2022,2022-11-14,0.07272826,0.16607903,0.76119274
263,freeiran,2022-11-14,0.07272826,0.16607903,0.76119274
264,worldcup2022,2022-11-14,0.07272826,0.16607903,0.76119274
265,wc2022,2022-11-14,0.07272826,0.16607903,0.76119274
266,opiran,2022-11-14,0.07272826,0.16607903,0.76119274
267,irgc,2022-11-14,0.07272826,0.16607903,0.76119274
268,iranrevoiution,2022-11-14,0.02805176,0.26094841,0.710999835
269,iranprotests2022,2022-11-14,0.07272826,0.16607903,0.76119274
270,tehran,2022-11-14,0.07272826,0.16607903,0.76119274
271,mahsa_amini,2022-11-14,0.07272826,0.16607903,0.76119274
272,r2pforiran,2022-11-14,0.07272826,0.16607903,0.76119274
273,iranrevolution,2022-11-14,0.115260275,0.264531445,0.620208305
274,womenlifefreedom,2022-11-14,0.07272826,0.16607903,0.76119274
275,fifaworldcup,2022-11-14,0.07272826,0.16607903,0.76119274
276,mahsaamini,2022-11-14,0.07272826,0.16607903,0.76119274
277,qatar,2022-11-14,0.15377171,0.09970117,0.7465272
278,iranprotests,2022-11-14,0.07272826,0.16607903,0.76119274
279,iranrevolution2022,2022-11-14,0.07272826,0.16607903,0.76119274
280,qatarworldcup2022,2022-11-14,0.1429533866666666,0.0711334466666666,0.7859131833333333
281,qatar2022,2022-11-15,0.0944277221428571,0.1448905757142857,0.76068172
282,tehran,2022-11-15,0.07272826,0.16607903,0.76119274
283,freeiran,2022-11-15,0.07272826,0.16607903,0.76119274
284,mahsaamini,2022-11-15,0.07272826,0.16607903,0.76119274
285,fifaworldcup2022,2022-11-15,0.07272826,0.16607903,0.76119274
286,fifaworldcup,2022-11-15,0.07272826,0.16607903,0.76119274
287,freedom,2022-11-15,0.07272826,0.16607903,0.76119274
288,mahsa_amini,2022-11-15,0.07272826,0.16607903,0.76119274
289,giveaway,2022-11-15,0.16570692,0.02793834,0.80635476
290,iran,2022-11-15,0.07272826,0.16607903,0.76119274
291,irgc,2022-11-15,0.07272826,0.16607903,0.76119274
292,r2pforiran,2022-11-15,0.07272826,0.16607903,0.76119274
293,womenlifefreedom,2022-11-15,0.07272826,0.16607903,0.76119274
294,worldcup,2022-11-15,0.07272826,0.16607903,0.76119274
295,iranprotests,2022-11-15,0.07272826,0.16607903,0.76119274
296,iranrevolution,2022-11-15,0.07272826,0.16607903,0.76119274
297,iranprotests2022,2022-11-15,0.07272826,0.16607903,0.76119274
298,worldcup2022,2022-11-15,0.07272826,0.16607903,0.76119274
299,opiran,2022-11-15,0.07272826,0.16607903,0.76119274
300,iranrevolution2022,2022-11-15,0.07272826,0.16607903,0.76119274
301,wc2022,2022-11-15,0.07272826,0.16607903,0.76119274
302,mahsa_amini,2022-11-16,0.07272826,0.16607903,0.76119274
303,wc2022,2022-11-16,0.07272826,0.16607903,0.76119274
304,womenlifefreedom,2022-11-16,0.07272826,0.16607903,0.76119274
305,r2pforiran,2022-11-16,0.07272826,0.16607903,0.76119274
306,iranrevolution,2022-11-16,0.07272826,0.16607903,0.76119274
307,iranprotests,2022-11-16,0.0704564964705882,0.1826156823529411,0.7469278494117647
308,tehran,2022-11-16,0.07272826,0.16607903,0.76119274
309,opiran,2022-11-16,0.07272826,0.16607903,0.76119274
310,iranprotests2022,2022-11-16,0.0704564964705882,0.1826156823529411,0.7469278494117647
311,fifaworldcup,2022-11-16,0.07272826,0.16607903,0.76119274
312,qatar2022,2022-11-16,0.340249914,0.093699951069,0.566050178175
313,worldcup,2022-11-16,0.07272826,0.16607903,0.76119274
314,fifaworldcup2022,2022-11-16,0.07272826,0.16607903,0.76119274
315,irgc,2022-11-16,0.07272826,0.16607903,0.76119274
316,freedom,2022-11-16,0.07272826,0.16607903,0.76119274
317,freeiran,2022-11-16,0.07272826,0.16607903,0.76119274
318,iran,2022-11-16,0.07272826,0.16607903,0.76119274
319,mahsaamini,2022-11-16,0.0704564964705882,0.1826156823529411,0.7469278494117647
320,worldcup2022,2022-11-16,0.07272826,0.16607903,0.76119274
321,iranrevolution2022,2022-11-16,0.07272826,0.16607903,0.76119274
322,mehransamak,2022-11-17,0.00771094,0.75984675,0.23244223
323,worldcup,2022-11-17,0.07272826,0.16607903,0.76119274
324,fifaworldcup,2022-11-17,0.07150770625,0.16000695625,0.7684853687500001
325,iranprotests2022,2022-11-17,0.07272826,0.16607903,0.76119274
326,worldcup2022,2022-11-17,0.07272826,0.16607903,0.76119274
327,freedom,2022-11-17,0.07272826,0.16607903,0.76119274
328,irgc,2022-11-17,0.07272826,0.16607903,0.76119274
329,opiran,2022-11-17,0.07272826,0.16607903,0.76119274
330,saytheirnames,2022-11-17,0.00771094,0.75984675,0.23244223
331,r2pforiran,2022-11-17,0.07272826,0.16607903,0.76119274
332,iranrevolution2022,2022-11-17,0.07272826,0.16607903,0.76119274
333,freeiran,2022-11-17,0.07272826,0.16607903,0.76119274
334,mahsaamini,2022-11-17,0.077196829375,0.16289806625,0.7599051343750001
335,qatar,2022-11-17,0.08968262,0.12971915,0.7805982
336,mahsa_amini,2022-11-17,0.07272826,0.16607903,0.76119274
337,iranrevolution,2022-11-17,0.07272826,0.16607903,0.76119274
338,qatar2022,2022-11-17,0.1113111338095238,0.1735123895238095,0.7151764976190476
339,tehran,2022-11-17,0.07272826,0.16607903,0.76119274
340,womenlifefreedom,2022-11-17,0.07272826,0.16607903,0.76119274
341,iranprotests,2022-11-17,0.07272826,0.16607903,0.76119274
342,wc2022,2022-11-17,0.07272826,0.16607903,0.76119274
343,fifaworldcup2022,2022-11-17,0.07272826,0.16607903,0.76119274
344,iran,2022-11-17,0.068758551875,0.2022079218749999,0.7290335587500001
345,iranrevolution,2022-11-18,0.05947872125,0.2503735725,0.69014773875
346,fifa,2022-11-18,0.11883039,0.03699669,0.84417295
347,mahsa_amini,2022-11-18,0.07272826,0.16607903,0.7611927399999999
348,ecu,2022-11-18,0.04355132,0.06637771,0.8900709
349,giveaway,2022-11-18,0.1276098,0.20210113,0.67028904
350,tehran,2022-11-18,0.07272826,0.16607903,0.7611927399999999
351,worldcup,2022-11-18,0.10305698125,0.13291026625,0.76403278625
352,fifaworldcup2022,2022-11-18,0.07272826,0.16607903,0.7611927399999999
353,freeiran,2022-11-18,0.07272826,0.16607903,0.7611927399999999
354,iranrevolution2022,2022-11-18,0.07272826,0.16607903,0.7611927399999999
355,r2pforiran,2022-11-18,0.07272826,0.16607903,0.7611927399999999
356,qatar2022,2022-11-18,0.1165948876470588,0.1018136070588235,0.7815915267647059
357,mahsaamini,2022-11-18,0.0633699471428571,0.2633490257142857,0.6732810514285715
358,opiran,2022-11-18,0.07272826,0.16607903,0.7611927399999999
359,qatar,2022-11-18,0.0387276899999999,0.34714905,0.6141232249999999
360,womenlifefreedom,2022-11-18,0.07272826,0.16607903,0.7611927399999999
361,fifaworldcupqatar2022,2022-11-18,0.36106217,0.09924975,0.5396881
362,ecuador,2022-11-18,0.08064484,0.0457477,0.8736074
363,iran,2022-11-18,0.0633699471428571,0.2633490257142857,0.6732810514285715
364,iranprotests,2022-11-18,0.07272826,0.16607903,0.7611927399999999
365,freedom,2022-11-18,0.07272826,0.16607903,0.7611927399999999
366,irn,2022-11-18,0.04355132,0.06637771,0.8900709
367,worldcup2022,2022-11-18,0.07272826,0.16607903,0.7611927399999999
368,iranprotests2022,2022-11-18,0.07272826,0.16607903,0.7611927399999999
369,qatarworldcup2022,2022-11-18,0.08064484,0.0457477,0.8736074
370,irgc,2022-11-18,0.07272826,0.16607903,0.7611927399999999
371,iranrevoiution,2022-11-18,0.03521343,0.26803336,0.6967532
372,wc2022,2022-11-18,0.07272826,0.16607903,0.7611927399999999
373,fifaworldcup,2022-11-18,0.07272826,0.16607903,0.7611927399999999
374,iran,2022-11-19,0.07272826,0.16607903,0.76119274
375,worldcup2022,2022-11-19,0.101956412173913,0.1422379286956521,0.755805687826087
376,mahsaamini,2022-11-19,0.07272826,0.16607903,0.76119274
377,wc2022,2022-11-19,0.07272826,0.16607903,0.76119274
378,opiran,2022-11-19,0.07272826,0.16607903,0.76119274
379,qatar,2022-11-19,0.058410405,0.108993855,0.83259575
380,irgc,2022-11-19,0.07272826,0.16607903,0.76119274
381,usairn,2022-11-19,0.01146892,0.82083267,0.16769844
382,fifaworldcup2022,2022-11-19,0.07272826,0.16607903,0.76119274
383,freedom,2022-11-19,0.07272826,0.16607903,0.76119274
384,fifa,2022-11-19,0.08310209,0.0552512,0.8616467
385,worldcup,2022-11-19,0.5322340548768473,0.0346261122660098,0.4331398252216749
386,womenlifefreedom,2022-11-19,0.07272826,0.16607903,0.76119274
387,iranrevolution2022,2022-11-19,0.07272826,0.16607903,0.76119274
388,saytheirnames,2022-11-19,0.03403494,0.14841186,0.81755316
389,fifaworldcup,2022-11-19,0.5315480424630542,0.0351217746305418,0.4333301741871921
390,usa,2022-11-19,0.01146892,0.82083267,0.16769844
391,iranprotests,2022-11-19,0.07272826,0.16607903,0.76119274
392,iranprotests2022,2022-11-19,0.07272826,0.16607903,0.76119274
393,qatarworldcup2022,2022-11-19,0.2348273374999999,0.02696438,0.738208325
394,tehran,2022-11-19,0.07272826,0.16607903,0.76119274
395,fifaworldcupqatar2022,2022-11-19,0.08310209,0.0552512,0.8616467
396,qa,2022-11-19,0.07929547,0.0501579,0.8705466
397,qatar2022,2022-11-19,0.4575446576344086,0.0691443525806451,0.4733109724731182
398,r2pforiran,2022-11-19,0.07272826,0.16607903,0.76119274
399,freeiran,2022-11-19,0.07272826,0.16607903,0.76119274
400,mahsa_amini,2022-11-19,0.07272826,0.16607903,0.76119274
401,iranrevolution,2022-11-19,0.0692110042105263,0.2008028652631578,0.7299861605263158
402,mundialqatar2022,2022-11-20,0.0590184483333333,0.0530936966666666,0.8878878616666667
403,freeiran,2022-11-20,0.07272826,0.16607903,0.7611927400000001
404,football,2022-11-20,0.780568275,0.00542437,0.214007415
405,iranprotests2022,2022-11-20,0.07272826,0.16607903,0.7611927400000001
406,iranprotests,2022-11-20,0.07272826,0.16607903,0.7611927400000001
407,fifaworldcup,2022-11-20,0.1693474881751825,0.0513522740145985,0.7793002085401459
408,fifaworldcupqatar2022,2022-11-20,0.1325627,0.03212322,0.83531415
409,iran,2022-11-20,0.07272826,0.16607903,0.7611927400000001
410,fifaworldcup2022,2022-11-20,0.0697488133333333,0.1620073991666666,0.768243815
411,freedom,2022-11-20,0.07272826,0.16607903,0.7611927400000001
412,irgc,2022-11-20,0.07272826,0.16607903,0.7611927400000001
413,fifa,2022-11-20,0.6244005,0.00954784,0.36605173
414,qatar,2022-11-20,0.36004188,0.1634286499999999,0.4765294825
415,iranrevolution2022,2022-11-20,0.07272826,0.16607903,0.7611927400000001
416,iranrevolution,2022-11-20,0.06996598,0.1662617483333333,0.7637723
417,worldcupqatar2022,2022-11-20,0.09123603,0.07705951,0.8317044
418,qatar2022,2022-11-20,0.2229914931677018,0.0717831798757764,0.7052253154658386
419,tehran,2022-11-20,0.07272826,0.16607903,0.7611927400000001
420,worldcup2022,2022-11-20,0.1378870273333333,0.1324350779999999,0.7296779173333334
421,qatarworldcup2022,2022-11-20,0.0698087759999999,0.112343072,0.8178481530000001
422,opiran,2022-11-20,0.07272826,0.16607903,0.7611927400000001
423,argentina,2022-11-20,0.07407811,0.04008387,0.88583803
424,worldcup,2022-11-20,0.1406140723076923,0.1465561338461538,0.7128298184615385
425,saytheirnames,2022-11-20,0.00334263,0.94086,0.05579737
426,womenlifefreedom,2022-11-20,0.07272826,0.16607903,0.7611927400000001
427,ecuador,2022-11-20,0.39060614,0.01116863,0.5982252
428,latri,2022-11-20,0.0545012,0.08222614,0.86327267
429,wc2022,2022-11-20,0.07272826,0.16607903,0.7611927400000001
430,r2pforiran,2022-11-20,0.07272826,0.16607903,0.7611927400000001
431,mahsaamini,2022-11-20,0.0660555057142857,0.2140567014285714,0.7198878185714286
432,mahsa_amini,2022-11-20,0.07272826,0.16607903,0.7611927400000001
433,qatar2022,2022-11-21,0.0955708029530201,0.3844211430201342,0.5200080479194631
434,iranrevoiution,2022-11-21,0.0185349914285714,0.8281433828571428,0.1533216371428571
435,tehran,2022-11-21,0.07272826,0.16607903,0.7611927400000001
436,saytheirnames,2022-11-21,0.0478621434146341,0.6870234024390244,0.2651144397560975
437,kurdistan,2022-11-21,0.00359051,0.9278434,0.06856601
438,football,2022-11-21,0.03689789,0.06789126,0.8952108
439,qat,2022-11-21,0.7652407,0.0067676,0.22799167
440,iranrevolution,2022-11-21,0.062839956875,0.1990246018749999,0.738135460625
441,mahsa_amini,2022-11-21,0.07272826,0.16607903,0.7611927400000001
442,ecu,2022-11-21,0.05380661,0.18074754,0.7654458
443,qatarworldcup2022,2022-11-21,0.26952384,0.1040287117647058,0.6264474447058824
444,teammelli,2022-11-21,0.00279569,0.9300578,0.06714646
445,fifaworldcupqatar2022,2022-11-21,0.51120182,0.017915395,0.470882775
446,eth,2022-11-21,0.14350285,0.01825505,0.8382422
447,iran,2022-11-21,0.1162024315384615,0.1539904161538461,0.7298071761538462
448,fifaworldcup2022,2022-11-21,0.1299347438461538,0.1430256623076923,0.72703962
449,wc2022,2022-11-21,0.07272826,0.16607903,0.7611927400000001
450,giveaway,2022-11-21,0.14350285,0.01825505,0.8382422
451,iranprotests2022,2022-11-21,0.0637449461538461,0.2317660561538461,0.704489016923077
452,iranprotests,2022-11-21,0.0678622983333333,0.2016595024999999,0.7304782233333333
453,fifaworldcup,2022-11-21,0.1070816784057971,0.3845437979710144,0.508374547826087
454,argentina,2022-11-21,0.03206519,0.21820147,0.7497333
455,irn,2022-11-21,0.060752832,0.052899708,0.88634746
456,freeiran,2022-11-21,0.07272826,0.16607903,0.7611927400000001
457,samanyasin,2022-11-21,0.00789716,0.79525316,0.1968497
458,worldcup,2022-11-21,0.0749262516,0.2246336132,0.7004401364
459,womenlifefreedom,2022-11-21,0.07272826,0.16607903,0.7611927400000001
460,england,2022-11-21,0.0512102,0.07086445,0.8779254
461,freedom,2022-11-21,0.07272826,0.16607903,0.7611927400000001
462,irgc,2022-11-21,0.07272826,0.16607903,0.7611927400000001
463,eng,2022-11-21,0.09175079,0.0491323699999999,0.8591168499999999
464,opiran,2022-11-21,0.07272826,0.16607903,0.7611927400000001
465,méxico,2022-11-21,0.16716258,0.05011766,0.78271973
466,r2pforiran,2022-11-21,0.07272826,0.16607903,0.7611927400000001
467,worldcup2022,2022-11-21,0.1993821614285714,0.1316008785714285,0.6690169814285715
468,worldcupqatar2022,2022-11-21,0.2320793133333333,0.4521414033333333,0.3157793166666666
469,iranrevolution2022,2022-11-21,0.07272826,0.16607903,0.7611927400000001
470,mahsaamini,2022-11-21,0.0335399545714285,0.6102098845714286,0.3562501634285714
471,fifa,2022-11-21,0.3641158916666667,0.1529274983333333,0.4829566133333333
472,qatar,2022-11-21,0.0109452665517241,0.7574226103448276,0.2316321765517241
473,mundialqatar2022,2022-11-21,0.16716258,0.05011766,0.78271973
474,mex,2022-11-21,0.13229138,0.02740029,0.8403083
475,fifaworldcup2022,2022-11-22,0.1601355218181818,0.12959926,0.7102652227272728
476,mundialqatar2022,2022-11-22,0.11788685,0.066243165,0.815869985
477,fifa,2022-11-22,0.93391633,0.00138736,0.064696305
478,tehran,2022-11-22,0.06797585,0.1633919585714285,0.7686322057142857
479,méxico,2022-11-22,0.0871916366666666,0.0884646033333333,0.8243437433333334
480,fifaworldcup,2022-11-22,0.1018843175308642,0.1152576628546913,0.7828580092222223
481,opiran,2022-11-22,0.07272826,0.16607903,0.7611927399999999
482,worldcup,2022-11-22,0.317156247,0.146105132,0.536738623
483,argentina,2022-11-22,0.0750055478947368,0.08096966,0.8440247742105264
484,arg,2022-11-22,0.11537509,0.08794641,0.7966784
485,freedom,2022-11-22,0.07272826,0.16607903,0.7611927399999999
486,freeiran,2022-11-22,0.07272826,0.16607903,0.7611927399999999
487,worldcup2022,2022-11-22,0.1784155569230769,0.1652039123076923,0.6563805438461539
488,r2pforiran,2022-11-22,0.07272826,0.16607903,0.7611927399999999
489,mahsaamini,2022-11-22,0.0505485081818181,0.2956703036363636,0.6537812181818182
490,wc2022,2022-11-22,0.07272826,0.16607903,0.7611927399999999
491,giveaway,2022-11-22,0.5979308475,0.00749160375,0.39457754875
492,worldcupqatar2022,2022-11-22,0.0431412866666666,0.166195115,0.7906636033333334
493,womenlifefreedom,2022-11-22,0.07272826,0.16607903,0.7611927399999999
494,qatar2022,2022-11-22,0.1117506109937888,0.1085391840449068,0.7797101956956521
495,mahsa_amini,2022-11-22,0.07272826,0.16607903,0.7611927399999999
496,qatarworldcup2022,2022-11-22,0.13046234875,0.08337442375,0.786163219375
497,fifaワールドカップ,2022-11-22,0.039651325,0.24397901,0.7163697
498,football,2022-11-22,0.463338055,0.3365120649999999,0.200149865
499,irgc,2022-11-22,0.0568306175,0.3057305725,0.63743885
500,iranprotests,2022-11-22,0.056969067,0.272482439,0.670548516
501,iranrevolution,2022-11-22,0.0673569271428571,0.1860694542857142,0.7465736528571429
502,iranrevolution2022,2022-11-22,0.07272826,0.16607903,0.7611927399999999
503,iranprotests2022,2022-11-22,0.05211816,0.32886009,0.6190217609090909
504,qatar,2022-11-22,0.0843589466666666,0.2757649066666666,0.6398761433333333
505,mex,2022-11-22,0.1257370771428571,0.0672885985714285,0.8069742914285715
506,pol,2022-11-22,0.12178222,0.0671679524999999,0.8110498150000001
507,iran,2022-11-22,0.0658403957142857,0.2060232757142857,0.7281363528571428
508,qatar20,2022-11-22,0.3981996,0.01873719,0.58306324
509,fifaworldcupqatar2022,2022-11-22,0.0651319466666666,0.0704211966666666,0.8644468633333333
510,nfts,2022-11-23,0.15100121,0.05092954,0.79806924
511,wc2022,2022-11-23,0.07272826,0.16607903,0.76119274
512,iran,2022-11-23,0.07272826,0.16607903,0.76119274
513,iranprotests,2022-11-23,0.0381280625,0.5438696725,0.41800231
514,iranprotests2022,2022-11-23,0.07272826,0.16607903,0.76119274
515,blackstars,2022-11-23,0.352338994,0.070854164,0.576806806
516,samuraiblue,2022-11-23,0.0429498725,0.1935898925,0.763460255
517,irgc,2022-11-23,0.07272826,0.16607903,0.76119274
518,worldcup,2022-11-23,0.230925905,0.0657583911111111,0.7033157083333333
519,worldcupqatar2022,2022-11-23,0.2556339305882353,0.0377588158823529,0.7066072629411765
520,copamundialfifa,2022-11-23,0.09522156,0.08723287,0.8175456
521,worldcup2022,2022-11-23,0.2701534253333333,0.0415666346666666,0.68827995
522,r2pforiran,2022-11-23,0.07272826,0.16607903,0.76119274
523,womenlifefreedom,2022-11-23,0.07272826,0.16607903,0.76119274
524,iranrevolution,2022-11-23,0.07272826,0.16607903,0.76119274
525,iranrevolution2022,2022-11-23,0.07272826,0.16607903,0.76119274
526,iranusa,2022-11-23,0.08888343,0.068773,0.8423436
527,opiran,2022-11-23,0.07272826,0.16607903,0.76119274
528,fifaworldcup2022,2022-11-23,0.2598153584615384,0.0425038619230769,0.6976807807692308
529,freeiran,2022-11-23,0.07272826,0.16607903,0.76119274
530,freedom,2022-11-23,0.07272826,0.16607903,0.76119274
531,qatar20,2022-11-23,0.08947321,0.21444513,0.69608164
532,qatar,2022-11-23,0.098237175,0.08810762375,0.81365522
533,usa,2022-11-23,0.04447556,0.07003565,0.8854888
534,mundialqatar2022,2022-11-23,0.16716258,0.05011766,0.78271973
535,qatarworldcup2022,2022-11-23,0.0569553233333333,0.3076959461111111,0.6353487355555556
536,fifaworldcup,2022-11-23,0.2738312741481482,0.1065582041481481,0.6196105265925925
537,fifaワールドカップ,2022-11-23,0.055311378,0.3468021,0.5978865680000001
538,fifaworldcupqatar2022,2022-11-23,0.04234876,0.13251606,0.8251352
539,qat,2022-11-23,0.03424017,0.16580364,0.7999562
540,tehran,2022-11-23,0.07272826,0.16607903,0.76119274
541,mahsaamini,2022-11-23,0.07272826,0.16607903,0.76119274
542,méxico,2022-11-23,0.16716258,0.05011766,0.78271973
543,giveaway,2022-11-23,0.15100121,0.05092954,0.79806924
544,qatar2022,2022-11-23,0.2120727338235294,0.1041734792436974,0.6837537885714285
545,argentina,2022-11-23,0.2932475949999999,0.0824178775,0.6243345375
546,senegal,2022-11-23,0.07095955,0.08626814,0.84277225
547,mahsa_amini,2022-11-23,0.07272826,0.16607903,0.76119274
548,qatarworldcup2022,2022-11-24,0.0566643663636363,0.1623291518181818,0.7810065
549,ecuador,2022-11-24,0.09404664,0.06892256,0.8370307
550,coinexturns5,2022-11-24,0.21284384,0.02112658,0.7660296
551,coinexmoment,2022-11-24,0.21284384,0.02112658,0.7660296
552,qatar2022,2022-11-24,0.1198152907092198,0.109711654822695,0.7704730565957447
553,opiran,2022-11-24,0.07272826,0.16607903,0.76119274
554,copamundialfifa,2022-11-24,0.1438684274999999,0.067437565,0.7886940175
555,qa,2022-11-24,0.03220433,0.13446388,0.8333318
556,qatar,2022-11-24,0.04301473,0.0882049,0.8687803675
557,china,2022-11-24,0.21617607,0.0334025899999999,0.7504214
558,samuraiblue,2022-11-24,0.05272279,0.2158505,0.7314266733333333
559,saytheirnames,2022-11-24,0.0071002633333333,0.82075161,0.17214814
560,r2pforiran,2022-11-24,0.0492978033333333,0.4274862299999999,0.52321598
561,tehran,2022-11-24,0.0828328466666666,0.2347423533333333,0.6824248266666667
562,mahsa_amini,2022-11-24,0.07272826,0.16607903,0.76119274
563,méxico,2022-11-24,0.16716258,0.05011766,0.78271973
564,fifaワールドカップ,2022-11-24,0.05309716,0.20686702,0.740035812
565,iranrevolution2022,2022-11-24,0.07272826,0.16607903,0.76119274
566,irgc,2022-11-24,0.07272826,0.16607903,0.76119274
567,blackstars,2022-11-24,0.245849696,0.041323956,0.712826336
568,usmnt,2022-11-24,0.00637323,0.8207089,0.17291787
569,fifaworldcup2022,2022-11-24,0.06576663,0.14436469,0.789868712
570,fifa,2022-11-24,0.092282936,0.09865499,0.8090620679999999
571,worldcup,2022-11-24,0.0850937675,0.1430234825,0.77188277
572,fifaworldcup,2022-11-24,0.1446516592982456,0.0858233166666666,0.7695250277192982
573,worldcupqatar2022,2022-11-24,0.093181978,0.1148165033333333,0.792001515
574,womenlifefreedom,2022-11-24,0.07272826,0.16607903,0.76119274
575,worldcup2022,2022-11-24,0.063680885,0.1687250149999999,0.7675941
576,mundialqatar2022,2022-11-24,0.16716258,0.05011766,0.78271973
577,mahsaamini,2022-11-24,0.038411108,0.44812471,0.513464202
578,iranprotests,2022-11-24,0.0467003475,0.4615719024999999,0.49172776
579,freedom,2022-11-24,0.07272826,0.16607903,0.76119274
580,iranprotests2022,2022-11-24,0.07272826,0.16607903,0.76119274
581,iranrevolution,2022-11-24,0.0711915675,0.214081255,0.7147272100000001
582,freeiran,2022-11-24,0.07272826,0.16607903,0.76119274
583,wc2022,2022-11-24,0.07272826,0.16607903,0.76119274
584,iran,2022-11-24,0.07272826,0.16607903,0.76119274
585,mehransamak,2022-11-25,0.00798085,0.77844507,0.21357414
586,fifaworldcupqatar2022,2022-11-25,0.1616991888888889,0.0638651344444444,0.7744356655555555
587,unimoni,2022-11-25,0.0939932714285714,0.0825120957142857,0.8234946014285713
588,wc2022,2022-11-25,0.0743318254545454,0.1550701527272727,0.7705980545454545
589,fifaworldcup,2022-11-25,0.2609204071428571,0.1961566014285714,0.5250658582142858
590,r2pforiran,2022-11-25,0.07272826,0.16607903,0.76119274
591,fifaworldcup2022,2022-11-25,0.0784979458823529,0.1515725647058823,0.7699294964705883
592,womenlifefreedom,2022-11-25,0.07272826,0.16607903,0.76119274
593,freedom,2022-11-25,0.07272826,0.16607903,0.76119274
594,usairn,2022-11-25,0.03577694,0.18650596,0.7777172
595,mex,2022-11-25,0.0994715657142857,0.0234100899999999,0.8771183942857144
596,qa,2022-11-25,0.05832643,0.05369873,0.88797486
597,latri,2022-11-25,0.3526164633333333,0.0349837199999999,0.6123998033333333
598,usa,2022-11-25,0.12930158,0.4978321833333334,0.372866195
599,football,2022-11-25,0.13040099625,0.0729239225,0.79667505125
600,saytheirnames,2022-11-25,0.0173943802586206,0.6610373164655172,0.3215682983620689
601,giveaway,2022-11-25,0.36601096,0.01380851,0.62018055
602,usavirn,2022-11-25,0.03577694,0.18650596,0.7777172
603,qatarworldcup2022,2022-11-25,0.0474974239999999,0.126710728,0.825791848
604,qatar,2022-11-25,0.17089684,0.1812048863636363,0.6478982818181819
605,freeiran,2022-11-25,0.07272826,0.16607903,0.76119274
606,wal,2022-11-25,0.24287176,0.23646605,0.5206622
607,nfts,2022-11-25,0.1048416024999999,0.0434002074999999,0.8517582125000001
608,contestalert,2022-11-25,0.0939932714285714,0.0825120957142857,0.8234946014285713
609,contestalerindia,2022-11-25,0.0939932714285714,0.0825120957142857,0.8234946014285713
610,arg,2022-11-25,0.0994715657142857,0.0234100899999999,0.8771183942857144
611,contest,2022-11-25,0.0939932714285714,0.0825120957142857,0.8234946014285713
612,qatar2022,2022-11-25,0.1868125360732984,0.2909367274345549,0.5196329462041884
613,opiran,2022-11-25,0.07272826,0.16607903,0.76119274
614,iranrevolution,2022-11-25,0.0656332516666666,0.2251958258333333,0.7091709541666668
615,blackstars,2022-11-25,0.6930903614285714,0.0106773185714285,0.2962323428571428
616,iranrevolution2022,2022-11-25,0.0671795445454545,0.2124650909090909,0.7203553954545455
617,irgc,2022-11-25,0.07272826,0.16607903,0.76119274
618,iranprotests,2022-11-25,0.0627352916666666,0.2533399083333333,0.68392483
619,iran,2022-11-25,0.0855617921428571,0.2249022728571428,0.6895359614285714
620,mahsaamini,2022-11-25,0.059383775,0.2691977085714285,0.6714185414285715
621,senegal,2022-11-25,0.3274390714285714,0.0194136742857142,0.6531472457142857
622,england,2022-11-25,0.224807175,0.0246671399999999,0.750525725
623,iranrevoiution2022,2022-11-25,0.00236872,0.96021223,0.03741902
624,iranrevoiution,2022-11-25,0.89840317,0.0045915,0.09700527
625,eng,2022-11-25,0.078960064,0.5794542420000001,0.341585654
626,iranprotests2022,2022-11-25,0.0627352916666666,0.2533399083333333,0.68392483
627,ecuador,2022-11-25,0.0723499099999999,0.04764948,0.88000059
628,irn,2022-11-25,0.01130258,0.68569875,0.3029987
629,worldcup2022,2022-11-25,0.3052503476923077,0.0935264484615384,0.6012232096153846
630,worldcup,2022-11-25,0.1061065221428571,0.1211979202853571,0.7726955615
631,fifa,2022-11-25,0.36601096,0.01380851,0.62018055
632,usmnt,2022-11-25,0.072604205,0.15843068,0.768965075
633,sen,2022-11-25,0.5410023,0.0061061,0.45289165
634,irnusa,2022-11-25,0.006699332,0.838147724,0.155152942
635,ned,2022-11-25,0.06714189,0.0494684266666666,0.8833896333333332
636,teammelli,2022-11-25,0.0232219757142857,0.6583108128571428,0.3184672428571428
637,ecu,2022-11-25,0.0667418099999999,0.0558232179999999,0.87743494
638,mahsa_amini,2022-11-25,0.048055433,0.1886808725,0.763263726
639,worldcupqatar2022,2022-11-25,0.139637956,0.111545786,0.7488162340000001
640,méxico,2022-11-25,0.07462049,0.13257277,0.79280674
641,samuraiblue,2022-11-25,0.04005192,0.2095307,0.75041735
642,tehran,2022-11-25,0.07272826,0.16607903,0.76119274
643,senegal,2022-11-26,0.07771517,0.07782092,0.8444639
644,mahsa_amini,2022-11-26,0.07272826,0.16607903,0.76119274
645,qatar2022,2022-11-26,0.1460850084210526,0.0916158017297697,0.7622991873848685
646,iranrevolution2022,2022-11-26,0.07272826,0.16607903,0.76119274
647,irgc,2022-11-26,0.07272826,0.16607903,0.76119274
648,irn,2022-11-26,0.05951356,0.10447998,0.8360065
649,irnusa,2022-11-26,0.20456013,0.5974853325,0.1979545425
650,worldcupqatar2022,2022-11-26,0.0932778277272727,0.1208109227272727,0.7859112481818182
651,copamundialfifa,2022-11-26,0.08091447,0.09173491,0.8273506
652,contestalert,2022-11-26,0.09218445,0.07401984,0.8337957
653,contestalerindia,2022-11-26,0.09218445,0.07401984,0.8337957
654,iran,2022-11-26,0.07272826,0.16607903,0.76119274
655,coinexturns5,2022-11-26,0.1790598595597484,0.0522727805660377,0.7686673523899371
656,coinexmoment,2022-11-26,0.1790598595597484,0.0522727805660377,0.7686673523899371
657,iranprotests,2022-11-26,0.07272826,0.16607903,0.76119274
658,worldcup2022,2022-11-26,0.1510180509090909,0.1148479772727272,0.7341339954545455
659,iranrevoiution,2022-11-26,0.0511946399999999,0.3829865933333333,0.5658187566666667
660,iranrevoiution2022,2022-11-26,0.7969593,0.00352429,0.19951642
661,iranrevolution,2022-11-26,0.063852604,0.253263104,0.682884324
662,contest,2022-11-26,0.09218445,0.07401984,0.8337957
663,iranprotests2022,2022-11-26,0.07272826,0.16607903,0.76119274
664,wc2022,2022-11-26,0.07272826,0.16607903,0.76119274
665,qatarworldcup2022,2022-11-26,0.0818079054545454,0.0863949696969696,0.8317971448484849
666,giveaway,2022-11-26,0.1805515206289308,0.0519442336477987,0.7675042378616352
667,saytheirnames,2022-11-26,0.0070937399999999,0.7954723466666667,0.1974339166666666
668,worldcup,2022-11-26,0.1592784744444444,0.20108093,0.6396406133333333
669,r2pforiran,2022-11-26,0.07272826,0.16607903,0.76119274
670,womenlifefreedom,2022-11-26,0.217574468,0.1335680819999999,0.6488574760000001
671,ksa,2022-11-26,0.0816428066666666,0.23068644,0.6876707433333333
672,mundialqatar2022,2022-11-26,0.1231850933333333,0.0886867866666666,0.78812811
673,qa,2022-11-26,0.0805645925,0.319348445,0.6000869575
674,football,2022-11-26,0.09218445,0.07401984,0.8337957
675,qat,2022-11-26,0.14331892,0.07708812,0.77959293
676,mex,2022-11-26,0.100836368125,0.080359538125,0.81880412375
677,opiran,2022-11-26,0.07272826,0.16607903,0.76119274
678,méxico,2022-11-26,0.1311494766666666,0.0721753466666666,0.7966751705555555
679,fifaworldcupqatar2022,2022-11-26,0.38787267,0.01347792,0.59864944
680,fifaworldcup,2022-11-26,0.1364500582471264,0.0908268657471264,0.7727230724712644
681,pol,2022-11-26,0.12955315,0.16120993,0.7092369
682,fifaworldcup2022,2022-11-26,0.0654912305,0.10583318,0.828675588
683,ecuador,2022-11-26,0.06990677,0.061215648,0.8688775400000001
684,polarg,2022-11-26,0.03393815,0.1314066,0.8346552
685,blackstars,2022-11-26,0.12999026,0.0277316833333333,0.8422781
686,tehran,2022-11-26,0.07272826,0.16607903,0.76119274
687,ecusen,2022-11-26,0.09218445,0.07401984,0.8337957
688,polonia,2022-11-26,0.0728693233333333,0.0892750366666666,0.8378556333333332
689,fifaワールドカップ,2022-11-26,0.0413746433333333,0.20886564,0.7497596999999999
690,ultimahora,2022-11-26,0.08870716,0.16279024,0.7485026
691,ultimominuto,2022-11-26,0.08870716,0.16279024,0.7485026
692,usa,2022-11-26,0.07934085,0.16353148,0.75712772
693,mahsaamini,2022-11-26,0.0714133616666666,0.2502497083333333,0.6783369533333333
694,arg,2022-11-26,0.1508654071428571,0.0505764271428571,0.7985581614285715
695,argentina,2022-11-26,0.1487256847368421,0.0660227889473684,0.7852515394736842
696,qatar20,2022-11-26,0.063240795,0.051279865,0.88547935
697,freeiran,2022-11-26,0.07272826,0.16607903,0.76119274
698,unimoni,2022-11-26,0.09218445,0.07401984,0.8337957
699,fifa,2022-11-26,0.38787267,0.01347792,0.59864944
700,freedom,2022-11-26,0.07272826,0.16607903,0.76119274
701,qatar,2022-11-26,0.02600465,0.37154567,0.6024497
702,fra,2022-11-26,0.3572489666666666,0.0772588305666666,0.56549218
703,mundialqatar2022,2022-11-27,0.0389287477777777,0.0644343144444444,0.8966369288888889
704,méxico,2022-11-27,0.06827356,0.03999698,0.89172935
705,copamundialfifa,2022-11-27,0.05270788,0.1678996,0.77939254
706,iranprotests2022,2022-11-27,0.07272826,0.16607903,0.76119274
707,iranprotests,2022-11-27,0.07272826,0.16607903,0.76119274
708,iran,2022-11-27,0.0573331418181818,0.2716859672727272,0.6709809127272727
709,iranrevoiution,2022-11-27,0.0451784785714285,0.3321960057142857,0.6226255228571429
710,eth,2022-11-27,0.9111386,0.00155927,0.08730209
711,irgc,2022-11-27,0.07272826,0.16607903,0.76119274
712,iranrevolution2022,2022-11-27,0.0583107066666666,0.30787275,0.6338165688888888
713,irnusa,2022-11-27,0.0227853877777777,0.6403644477777778,0.3368501655555556
714,iranrevolution,2022-11-27,0.03532183125,0.45483088125,0.5098472804166666
715,opiran,2022-11-27,0.07272826,0.16607903,0.76119274
716,qatar,2022-11-27,0.1126073732352941,0.4286934252941176,0.4586991538235294
717,qatarworldcup2022,2022-11-27,0.0707181754545454,0.2380011145454545,0.69128071
718,mex,2022-11-27,0.127742585,0.196583655,0.6756737349999999
719,qat,2022-11-27,0.097091298,0.065406376,0.8375024
720,football,2022-11-27,0.17372093,0.03613339,0.7901457
721,mahsaamini,2022-11-27,0.19799757625,0.387843363,0.4141590684999999
722,mahsa_amini,2022-11-27,0.0572072923076923,0.2505119976923077,0.6922807392307693
723,qatar2022,2022-11-27,0.1506620007786259,0.1140555790839694,0.7352824133282443
724,freeiran,2022-11-27,0.0611361646153846,0.23164819,0.7072156684615385
725,freedom,2022-11-27,0.1139692275,0.1504025199999999,0.7356282775
726,fifa,2022-11-27,0.070930025,0.0551949816666666,0.8738749666666666
727,fifaワールドカップ,2022-11-27,0.05961278,0.13423617,0.80615103
728,ksa,2022-11-27,0.0489985,0.06735781,0.8836437
729,polarg,2022-11-27,0.048354035,0.1029936549999999,0.8486523
730,fifaworldcupqatar2022,2022-11-27,0.2968253525,0.0829633375,0.62021131
731,pol,2022-11-27,0.05532104,0.11147683,0.8332022
732,fifaworldcup2022,2022-11-27,0.2442978584210526,0.1121518889473684,0.643550287368421
733,fifaworldcup,2022-11-27,0.0954761052830188,0.079042845,0.8254810521069182
734,r2pforiran,2022-11-27,0.07272826,0.16607903,0.76119274
735,samuraiblue,2022-11-27,0.052783325,0.1596947566666666,0.78752189
736,arg,2022-11-27,0.16414367,0.22768874,0.6081676
737,argentina,2022-11-27,0.06827356,0.03999698,0.89172935
738,saharkhodayari,2022-11-27,0.00670397,0.84366584,0.14963019
739,worldcup2022,2022-11-27,0.1018746242857142,0.15883792,0.7392874685714286
740,blackstars,2022-11-27,0.05472685,0.03897246,0.9063007
741,chinaprotests,2022-11-27,0.09561341,0.40278488,0.5016017
742,saytheirnames,2022-11-27,0.033313704,0.588412746,0.37827352
743,tehran,2022-11-27,0.07272826,0.16607903,0.76119274
744,wc2022,2022-11-27,0.07272826,0.16607903,0.76119274
745,worldcupqatar2022,2022-11-27,0.16783582625,0.09728818875,0.734875995
746,womenlifefreedom,2022-11-27,0.07272826,0.16607903,0.76119274
747,worldcup,2022-11-27,0.0653317666666666,0.55878507875,0.3758831225
748,china,2022-11-27,0.09561341,0.40278488,0.5016017
749,polarg,2022-11-28,0.04252834,0.077892765,0.87957887
750,pol,2022-11-28,0.04874272,0.05728961,0.89396769
751,espnqatarenstarplus,2022-11-28,0.18007594,0.0153404,0.80458367
752,qatar20,2022-11-28,0.0496279,0.13775864,0.8126135
753,qatar,2022-11-28,0.1304306778378378,0.1346348797297297,0.7349344410810811
754,blackstars,2022-11-28,0.1442568911538461,0.0581559923076923,0.797587126923077
755,usairn,2022-11-28,0.03670958,0.17642894,0.78686154
756,qat,2022-11-28,0.1856344514285714,0.0999744185714285,0.7143911428571429
757,freedom,2022-11-28,0.0758519889655172,0.1635765796551724,0.7605714593103449
758,freeiran,2022-11-28,0.0695137086666666,0.1891714239999999,0.7413148986666668
759,ksa,2022-11-28,0.050245132,0.049651082,0.900103784
760,usa,2022-11-28,0.0820861825,0.1166054075,0.8013084325
761,ned,2022-11-28,0.090915265,0.048364295,0.86072042
762,womenlifefreedom,2022-11-28,0.07272826,0.16607903,0.76119274
763,kianpirfalak,2022-11-28,0.020938435,0.3360063199999999,0.643055275
764,polonia,2022-11-28,0.0430370566666666,0.05618731,0.9007755833333334
765,eth,2022-11-28,0.5843379200000001,0.004956615,0.41070548
766,qa,2022-11-28,0.0361402722222222,0.1174419877777777,0.8464177688888889
767,méxico,2022-11-28,0.0709243059999999,0.05182688,0.8772488339999999
768,unimoni,2022-11-28,0.119361875625,0.09646354375,0.784174584375
769,eng,2022-11-28,0.0932202433333333,0.14535568,0.76142406
770,opiran,2022-11-28,0.0627456565,0.13417672025,0.8030776255000001
771,mahsa_amini,2022-11-28,0.065710113125,0.2303779225,0.7039119925
772,mahsaamini,2022-11-28,0.1448352378082191,0.2368927758904109,0.6182719989041097
773,england,2022-11-28,0.09742466,0.1032701199999999,0.7993052
774,nfts,2022-11-28,0.5814416333333333,0.0120235661904761,0.4065348119047619
775,usmnt,2022-11-28,0.2175310766666666,0.0604741883333333,0.721994665
776,wc2022,2022-11-28,0.07272826,0.16607903,0.76119274
777,latri,2022-11-28,0.04180882,0.04369883,0.9144923
778,usavirn,2022-11-28,0.09467683,0.35760583,0.5477173866666667
779,vtv,2022-11-28,0.07772393,0.08542889,0.8368472
780,ecu,2022-11-28,0.1154645433333333,0.0706416999999999,0.8138937533333334
781,argentina,2022-11-28,0.1437621122222222,0.0348613955555555,0.8213764511111111
782,ecuador,2022-11-28,0.4445160069230769,0.0266826992307692,0.5288012646153846
783,arg,2022-11-28,0.0687623471428571,0.0800717728571428,0.8511658914285715
784,wal,2022-11-28,0.090915265,0.048364295,0.86072042
785,giveaway,2022-11-28,0.177313545,0.034685145,0.7880012425
786,tehran,2022-11-28,0.07272826,0.16607903,0.76119274
787,fifaworldcup,2022-11-28,0.1282999389272503,0.1579289150801479,0.7137711606905055
788,iranrevolution,2022-11-28,0.0628119725641025,0.2380408351282051,0.6991472161538461
789,worldcupqatar2022,2022-11-28,0.104113375,0.0913602540625,0.8045263643749999
790,mex,2022-11-28,0.0648662471428571,0.0646156371428571,0.8705181228571428
791,fifaworldcup2022,2022-11-28,0.2307342598529411,0.1165502579411764,0.6527154942647059
792,iranprotests2022,2022-11-28,0.0721511416666666,0.1676002746666666,0.760248614
793,qatarworldcup2022,2022-11-28,0.1080130662130177,0.3085894209467456,0.5833975289349113
794,iranrevoiution2022,2022-11-28,0.6233447890909091,0.0222140181818181,0.3544412227272727
795,iranrevoiution,2022-11-28,0.55159704,0.1017500483333333,0.3466529491666667
796,irnusa,2022-11-28,0.0312750007317073,0.2344402034146341,0.7342847834146341
797,irgc,2022-11-28,0.07272826,0.16607903,0.76119274
798,irn,2022-11-28,0.1208723,0.06188978,0.8172379
799,chinaprotests,2022-11-28,0.0516610883333333,0.21473415,0.7336047383333334
800,chinaprotest2022,2022-11-28,0.0453974966666666,0.2113048549999999,0.7432976166666667
801,china,2022-11-28,0.0544080839130434,0.2235113943478261,0.7220805152173913
802,saytheirnames,2022-11-28,0.0350906257142857,0.2123230431868131,0.7525863552747253
803,fifa,2022-11-28,0.2251588749999999,0.0557082472222222,0.7191328483333332
804,copamundialfifa,2022-11-28,0.3928873149999999,0.0395907199999999,0.567521945
805,football,2022-11-28,0.1887034562962963,0.0562671403703703,0.7550293822222222
806,r2pforiran,2022-11-28,0.07272826,0.16607903,0.76119274
807,iranrevolution2022,2022-11-28,0.0672484897142857,0.1759458425714285,0.7568056862857143
808,iranprotests,2022-11-28,0.07272826,0.16607903,0.76119274
809,sen,2022-11-28,0.1208723,0.06188978,0.8172379
810,ultimominuto,2022-11-28,0.0492250022222222,0.2007116785185185,0.7500633203703703
811,worldcup,2022-11-28,0.3007696749056603,0.0822845175471698,0.6169458152830188
812,iran,2022-11-28,0.0610328482222222,0.1832481002222222,0.7557190677777778
813,ultimahora,2022-11-28,0.0415491492307692,0.2712382507692307,0.6872126115384615
814,mundialqatar2022,2022-11-28,0.0801746379999999,0.096234786,0.823590555
815,fifaworldcupqatar2022,2022-11-28,0.1318635392783505,0.1108839168041237,0.7572525520618556
816,ahora,2022-11-28,0.0481404897142857,0.1784073877142857,0.7734521314285715
817,fra,2022-11-28,0.117544435,0.05741125,0.8250443000000001
818,senegal,2022-11-28,0.0592149675,0.069479885,0.8713051375
819,fifaワールドカップ,2022-11-28,0.04213482,0.1637847128571428,0.7940804628571428
820,qatar2022,2022-11-28,0.1472200066990846,0.1281286517391304,0.7246513435697941
821,contest,2022-11-28,0.1536471068421052,0.0811305294736842,0.7652223484210526
822,inglaterra,2022-11-28,0.05561629,0.28708014,0.6573036
823,contestalerindia,2022-11-28,0.119361875625,0.09646354375,0.784174584375
824,worldcup2022,2022-11-28,0.2543097448514851,0.0905550226732673,0.6551352396039605
825,contestalert,2022-11-28,0.119361875625,0.09646354375,0.784174584375
826,mahsa_amini,2022-11-29,0.0627029732390243,0.3824923304682927,0.5548047074439025
827,mahsaamini,2022-11-29,0.3300965717796481,0.2700388215256312,0.3998646003458301
828,ultimahora,2022-11-29,0.0448443077485714,0.3155231040571428,0.6396325956114285
829,mex,2022-11-29,0.0812449791891891,0.0918977371428571,0.8268572736293436
830,usa,2022-11-29,0.1722961925882734,0.1123337493032037,0.7153700624100098
831,ultimominuto,2022-11-29,0.0449808565268676,0.3269783234207077,0.6280408284141547
832,mehransamak,2022-11-29,0.010916346226415,0.7508267992528301,0.2382568282490565
833,unimoni,2022-11-29,0.1092743074380165,0.1011993162396694,0.7895263731404959
834,usavirn,2022-11-29,0.4979472275447238,0.1014259620974851,0.400626811457091
835,usmnt,2022-11-29,0.1164923057357212,0.3505309881848983,0.5329767044869314
836,mankowutindamli,2022-11-29,0.1231409234861111,0.0505420344583333,0.8263170249444444
837,usvsiran,2022-11-29,0.6521743621216617,0.0158144306528189,0.3320112548664688
838,usairn,2022-11-29,0.0541304138294651,0.424536739223007,0.5213328374369324
839,worldcup2022,2022-11-29,0.1972718395302714,0.1349081799333716,0.6678199893716076
840,worldcup,2022-11-29,0.294756111631327,0.1032980266551231,0.6019458751795486
841,worldcupqatar2022,2022-11-29,0.1285808725490196,0.1382754995424836,0.7331436178431372
842,womenlifefreedom,2022-11-29,0.0729621608349514,0.1700026073980582,0.7570352608737865
843,iranrevoiution,2022-11-29,0.1979938292265193,0.1965466751933701,0.6054595057458564
844,iranprotests2022,2022-11-29,0.0717498292750929,0.190984259126394,0.7372659412267658
845,iranrevoiution2022,2022-11-29,0.5745541494593709,0.0622087286961926,0.3632371119252949
846,iranrevolution,2022-11-29,0.1004310106332138,0.213262424599761,0.6863065881123058
847,iran,2022-11-29,0.3790871728200537,0.1436925532186392,0.477220295382274
848,iranprotests,2022-11-29,0.0728241928185328,0.1798410209266409,0.7473348161389961
849,irnusa,2022-11-29,0.0290302707130607,0.6405969633919457,0.3303727715515424
850,irn,2022-11-29,0.0998547276827242,0.1514266582724252,0.7487186173172757
851,irausa,2022-11-29,0.1588469872419627,0.6542361726226734,0.1869168308460237
852,iranvsusa,2022-11-29,0.6689247070720549,0.044216655062905,0.2868586320930232
853,iranusa,2022-11-29,0.0356078619768786,0.2906143552138728,0.6737777605664739
854,iranrevolution2022,2022-11-29,0.0396526528636709,0.5065852083777609,0.4537621562757045
855,irgc,2022-11-29,0.0766922225471698,0.1815366482830188,0.7417711580943396
856,vtv,2022-11-29,0.0812099512878787,0.0868955545959595,0.8318944168434343
857,wal,2022-11-29,0.0905720851547303,0.1050933120335985,0.8034504339876216
858,waleng,2022-11-29,0.1471253858040201,0.0998342454145728,0.7530403731532663
859,wc2022,2022-11-29,0.0741400831115459,0.1670327220547945,0.7588272247945206
860,kurdistan,2022-11-29,0.0270463521158129,0.7667325166592427,0.206221066636971
861,ksa,2022-11-29,0.1099229531318681,0.0954011625274725,0.7946758866483518
862,kianpirfalak,2022-11-29,0.0183644027748691,0.7227306550471204,0.2589049350052356
863,latri,2022-11-29,0.106470249320843,0.109142393969555,0.78438735058548
864,qatar,2022-11-29,0.088643505791881,0.4899419109242481,0.4214146069090909
865,qatar20,2022-11-29,0.0184826730031948,0.7560209914217252,0.2254963432428115
866,qat,2022-11-29,0.085866489194847,0.1335053147826086,0.7806281787439614
867,qa,2022-11-29,0.1080831204855643,0.3871326931496062,0.5047841704461943
868,pdvsaenvictoria,2022-11-29,0.0690503008664628,0.0717861337308868,0.8591635605912334
869,polonia,2022-11-29,0.0575646065843621,0.0684262406584362,0.8740091720576132
870,polarg,2022-11-29,0.0977668654545454,0.0722661568686868,0.8299669775757575
871,pol,2022-11-29,0.0987564256048387,0.0632368438306451,0.838006700766129
872,samuraiblue,2022-11-29,0.0460749874358974,0.2043906411538461,0.7495343576923077
873,samanyasin,2022-11-29,0.0284852181441048,0.535088837139738,0.4364259480786026
874,saharkhodayari,2022-11-29,0.0066973867647058,0.8290078805347593,0.1642947429411764
875,qatarworldcup2022,2022-11-29,0.1628450529425028,0.1519075920004453,0.6852473682711387
876,qatar2022,2022-11-29,0.1008341497402647,0.3601204994908327,0.539036315898836
877,senegal,2022-11-29,0.1440141231939163,0.0778603886303168,0.7781254809784538
878,sen,2022-11-29,0.0738790506669535,0.0915353250129087,0.8345856278571429
879,saytheir,2022-11-29,0.0316494795971978,0.1702072418038528,0.7981432886952715
880,saytheirnames,2022-11-29,0.0230041658040768,0.6931898330064361,0.2838060020037884
881,r2pforiran,2022-11-29,0.1251719030578512,0.148299282214876,0.7265288450743802
882,tehran,2022-11-29,0.0742579059375,0.174489204046875,0.75125291121875
883,méxico,2022-11-29,0.0793434326543209,0.0623785211111111,0.8582780435185184
884,mundialqatar2022,2022-11-29,0.09385539025,0.0981279618571428,0.8080166463928572
885,teammelli,2022-11-29,0.0597419542560265,0.6508341653868994,0.2894238892468828
886,ned,2022-11-29,0.0771221377113578,0.0793559163023057,0.8435219490520922
887,opiran,2022-11-29,0.0755310285691057,0.1863312478861788,0.7381377450081301
888,nfts,2022-11-29,0.364120968144208,0.028203719680851,0.6076752902245862
889,blackstars,2022-11-29,0.7794679177107143,0.0086024352114,0.2119296519910714
890,fifa,2022-11-29,0.1629857742364532,0.1779516768719211,0.6590625486206897
891,fifaworldcup,2022-11-29,0.1527748208506892,0.1102690171783272,0.7369058637848225
892,england,2022-11-29,0.2150440246853147,0.0876162237412587,0.6973397480769231
893,eng,2022-11-29,0.1101818613630975,0.0990320279226353,0.7903910120158041
894,fifaworldcup2022,2022-11-29,0.1256265232723948,0.1142570386713985,0.7601164477367458
895,eth,2022-11-29,0.2205162416608996,0.0424114815224913,0.7370722746366781
896,espnqatarenstarplus,2022-11-29,0.1046247283993902,0.0528487078506097,0.8425265579878048
897,freedom,2022-11-29,0.0731182104545454,0.1699168186561264,0.7569650015019763
898,freeiran,2022-11-29,0.074365022700587,0.1728631411937377,0.7527718656555773
899,asrapanahi,2022-11-29,0.0043351916531165,0.9006434203523035,0.0950213559620596
900,fifaワールドカップ,2022-11-29,0.040822053946711,0.2421649519816819,0.717012986519567
901,fifaworldcupqatar2022,2022-11-29,0.1445550383491599,0.1230525173698466,0.7323924411775018
902,fra,2022-11-29,0.0695266343627451,0.113171650245098,0.8173017064215686
903,football,2022-11-29,0.1516784869817073,0.1234039689832622,0.7249175398597562
904,chinaprotest2022,2022-11-29,0.0426241525368731,0.3336526482300885,0.6237232220648967
905,chinaprotests,2022-11-29,0.045100174160401,0.3281432015037594,0.6267566513533834
906,china,2022-11-29,0.045924702181208,0.3152761571700223,0.6387991434116331
907,contest,2022-11-29,0.1114361225833333,0.1009571526666666,0.787606719375
908,contestalerindia,2022-11-29,0.1094753843265306,0.1004939443673469,0.7900306681632654
909,contestalert,2022-11-29,0.1114509090980392,0.1003347679607843,0.7882143207450981
910,copamundialfifa,2022-11-29,0.104377862019347,0.0710824420314389,0.8233305150665055
911,coinexmoment,2022-11-29,0.158743452,0.1009154799999999,0.740341056
912,coinexturns5,2022-11-29,0.158743452,0.1009154799999999,0.740341056
913,ecdfmundialista,2022-11-29,0.0629706051859956,0.4663277772866521,0.470701615536105
914,ecusen,2022-11-29,0.1188711512,0.0605820091142857,0.8205468572857142
915,ecuador,2022-11-29,0.1023815173119469,0.1311471932300885,0.7664712925331858
916,ecu,2022-11-29,0.1051115801548672,0.0722507684070796,0.8226376624004424
917,carlosqueiroz,2022-11-29,0.0106463719247787,0.7093737922345134,0.2799798708628319
918,giveaway,2022-11-29,0.4153293640756914,0.0224679760407569,0.5622026418195051
919,amir_emad_mirmirani,2022-11-29,0.0537820662807525,0.2798830878726483,0.6663347995079595
920,argentina,2022-11-29,0.0798903501044386,0.0676411566057441,0.8524685060574413
921,inglaterra,2022-11-29,0.0672408943518518,0.1092575668287037,0.8235015325694444
922,29nov,2022-11-29,0.0578470022901678,0.0583658255275779,0.8837871910071943
923,ahora,2022-11-29,0.0479924763486842,0.2624936847532895,0.6895138547203947
924,arg,2022-11-29,0.0829713187443946,0.0864402962780269,0.8305883707623318
925,womenlifefreedom,2022-11-30,0.0699068710702341,0.1948203152842809,0.73527284180602
926,worldcupqatar2022,2022-11-30,0.1309623631675392,0.1103005017801047,0.7587371353926702
927,carlosqueiroz,2022-11-30,0.0089016463380281,0.7702262512676057,0.2208721256338028
928,ahora,2022-11-30,0.0475531162068965,0.2547578672988506,0.6976890364367816
929,worldcup,2022-11-30,0.2936955887384044,0.1077836543851252,0.5985207593223562
930,worldcup2022,2022-11-30,0.2331698223624595,0.1245003154476806,0.6423298718662351
931,29nov,2022-11-30,0.0546648844419134,0.0815583917995444,0.8637767380182232
932,coinexmoment,2022-11-30,0.1909091032152588,0.052927201852861,0.7561636916621254
933,coinexturns5,2022-11-30,0.1906419797304582,0.0534985952830188,0.7558594221563343
934,samuraiblue,2022-11-30,0.038254275477528,0.2860793523033708,0.6756663606179775
935,samanyasin,2022-11-30,0.0342017797222222,0.6188988481481481,0.3468993820370371
936,saharkhodayari,2022-11-30,0.0077618856074766,0.8143382319626168,0.1778998890654205
937,contest,2022-11-30,0.0993168639016393,0.113912425409836,0.7867707016065574
938,contestalerindia,2022-11-30,0.0980638649840255,0.1127420349520766,0.7891940916932907
939,contestalert,2022-11-30,0.1002467328,0.1116778003384615,0.7880754600923077
940,senegal,2022-11-30,0.2007452951447661,0.0646807687955233,0.7345739314053452
941,sen,2022-11-30,0.1082040957466666,0.0857462401866666,0.8060496640266667
942,saytheir,2022-11-30,0.0316576463636363,0.1747603274747474,0.7935820372727272
943,saytheirnames,2022-11-30,0.0212542671002609,0.7128237487901603,0.2659219847789787
944,chinaprotest2022,2022-11-30,0.0447008522377622,0.2983929976223776,0.6569061786713287
945,chinaprotests,2022-11-30,0.0467231577108433,0.2965686389156626,0.6567082345783132
946,china,2022-11-30,0.0527128087055016,0.2824969829449838,0.6647902221682848
947,usvsiran,2022-11-30,0.6482959950000001,0.0166945521052631,0.3350094994736842
948,unimoni,2022-11-30,0.0980638649840255,0.1127420349520766,0.7891940916932907
949,usmnt,2022-11-30,0.1501573879417475,0.4101056027184466,0.4397370124077669
950,ultimominuto,2022-11-30,0.0459242277162629,0.2854813931487889,0.668594386366782
951,ultimahora,2022-11-30,0.0463495813834951,0.2664847668203883,0.6871656564563107
952,usairn,2022-11-30,0.0546847964751552,0.4737321824223602,0.471583008726708
953,usa,2022-11-30,0.2097216704431909,0.1356986681385979,0.6545796619258663
954,asrapanahi,2022-11-30,0.0046384969318181,0.8946231281818182,0.1007383390909091
955,usavirn,2022-11-30,0.4620877218580376,0.1483793900104384,0.389532890354906
956,argentina,2022-11-30,0.1234222658684654,0.0695579319392917,0.8070197992242834
957,arg,2022-11-30,0.1066864998992443,0.0760689770277078,0.8172445164231738
958,vtv,2022-11-30,0.0817097808791208,0.085378032032967,0.8329121137362636
959,teammelli,2022-11-30,0.1278870033542319,0.5827038349216301,0.2894091611598746
960,wal,2022-11-30,0.1376072999678456,0.0994815421221865,0.7629111579099678
961,amir_emad_mirmirani,2022-11-30,0.0441463934246575,0.3705317008219178,0.585321858630137
962,tehran,2022-11-30,0.0847670171786833,0.1805738293730407,0.7346591796551725
963,waleng,2022-11-30,0.2373395672121212,0.0770140253333333,0.6856464130909091
964,wc2022,2022-11-30,0.0810626618241042,0.1579705650162866,0.7609668035179153
965,blackstars,2022-11-30,0.7141062140944882,0.0137874311811023,0.2721063794488189
966,mahsaamini,2022-11-30,0.2027612570729783,0.4198668903944773,0.3773718475897435
967,mahsa_amini,2022-11-30,0.0634839471325301,0.3082672161686747,0.6282488540963855
968,mankowutindamli,2022-11-30,0.113626901025641,0.065136777051282,0.8212363025641025
969,giveaway,2022-11-30,0.3007092026970954,0.0381322622130013,0.6611585248547718
970,football,2022-11-30,0.1625719277626459,0.1010128844941634,0.7364151845719844
971,fifaworldcupqatar2022,2022-11-30,0.1388567330989583,0.1193192054427083,0.7418240595247396
972,fifaworldcup,2022-11-30,0.1651422338895833,0.116214839223568,0.7185734838041666
973,fifaworldcup2022,2022-11-30,0.1345299734940855,0.1038931734433848,0.7615768553575978
974,fifaワールドカップ,2022-11-30,0.044298085297619,0.2395637820833333,0.716138143125
975,mehransamak,2022-11-30,0.0098513584459697,0.7431190124164025,0.2470295980869412
976,freedom,2022-11-30,0.073915478200692,0.1740592999653979,0.75202525
977,freeiran,2022-11-30,0.0751010758620689,0.169179747275862,0.7557192063448276
978,mex,2022-11-30,0.0915830050201612,0.0682810265725806,0.8401359692741935
979,fra,2022-11-30,0.1054546455312499,0.0698223934374999,0.82472294384375
980,iranrevolution,2022-11-30,0.0804545227964601,0.2930160674513274,0.6265294305663717
981,iranrevoiution2022,2022-11-30,0.2925810866941581,0.1432353599450171,0.5641835628934707
982,iranrevoiution,2022-11-30,0.0342277180168776,0.6113755893670887,0.354396694556962
983,iranvsusa,2022-11-30,0.5807983268326418,0.1310575258506224,0.2881441477455048
984,iranusa,2022-11-30,0.0417282329971988,0.2472358490196078,0.7110358905602241
985,iranrevolution2022,2022-11-30,0.0539658879700499,0.4352275326455906,0.510806596672213
986,iran,2022-11-30,0.2146183352349624,0.2430656665695489,0.542316011343985
987,iranprotests2022,2022-11-30,0.0684889103343465,0.213360116231003,0.7181509987841945
988,inglaterra,2022-11-30,0.0668304120394737,0.0922683913157894,0.8409011958552631
989,iranprotests,2022-11-30,0.0709721206764705,0.2331591037647059,0.6958688005
990,irausa,2022-11-30,0.1664294811111111,0.6448721414814815,0.1886983631851851
991,irgc,2022-11-30,0.0670340087741935,0.222331048,0.7106349700645161
992,irnusa,2022-11-30,0.02684483607321,0.6196401541373239,0.3535150144931044
993,irn,2022-11-30,0.1220807488668555,0.1972840330311614,0.6806352252974505
994,latri,2022-11-30,0.1085818138157894,0.0896813878618421,0.8017367888486843
995,kianpirfalak,2022-11-30,0.0249221759920634,0.7302672383333333,0.2448105750396825
996,kurdistan,2022-11-30,0.025120641091954,0.8066544798275861,0.168224807183908
997,ksa,2022-11-30,0.0886159484193548,0.0718000741290322,0.8395839766451614
998,polonia,2022-11-30,0.0645897495532646,0.0705040930927835,0.8649061551202749
999,polarg,2022-11-30,0.0913565165435356,0.1147198268601583,0.7939236432453827
1000,pol,2022-11-30,0.0918180973289902,0.0698403234527687,0.8383415733550489
1001,pdvsaenvictoria,2022-11-30,0.058566910845225,0.0673836871130625,0.8740493975301866
1002,r2pforiran,2022-11-30,0.0716779817013889,0.1729931921527777,0.7553288569791667
1003,copamundialfifa,2022-11-30,0.102844775,0.0747743569047619,0.8223808675396825
1004,qatar20,2022-11-30,0.0208249738671875,0.726865292421875,0.2523097402343749
1005,qatar,2022-11-30,0.1574278786516854,0.2440420636883801,0.5985300621825842
1006,qatar2022,2022-11-30,0.1251398111063395,0.2667850283435314,0.6080575593421803
1007,qat,2022-11-30,0.1039246025560538,0.1088224239013452,0.7872529686098655
1008,qa,2022-11-30,0.1143843272486772,0.3811867797883597,0.5044288765608466
1009,qatarworldcup2022,2022-11-30,0.17203389,0.1343175799489796,0.6936485391666667
1010,eth,2022-11-30,0.5377690630662021,0.0179273660278745,0.4443035756794425
1011,ned,2022-11-30,0.09421552790625,0.08159021540625,0.82419425459375
1012,navidadessegurasyfelices2022,2022-11-30,0.0520033762934362,0.04808995507722,0.8999066705212355
1013,nfts,2022-11-30,0.5010989222621185,0.0233354785180969,0.4755655971310593
1014,espnqatarenstarplus,2022-11-30,0.1067630212719298,0.0499410687280701,0.8432959035526315
1015,fifa,2022-11-30,0.1976843496717724,0.0863005634792122,0.7160150773741794
1016,méxico,2022-11-30,0.0714853550174216,0.0627379136933797,0.8657767405574913
1017,mundialqatar2022,2022-11-30,0.0688740043859649,0.1194281117543859,0.8116978921929825
1018,opiran,2022-11-30,0.0752288425,0.1876348920679012,0.7371362890123457
1019,ecdfmundialista,2022-11-30,0.0609880881818181,0.450837174,0.4881747310909091
1020,ecusen,2022-11-30,0.1641070858252427,0.0580553647988349,0.777837568815534
1021,ecu,2022-11-30,0.1263200133333333,0.0694117658585858,0.8042682307407407
1022,ecuador,2022-11-30,0.1499820730238726,0.0816117242175066,0.7684061950132626
1023,eng,2022-11-30,0.1528558286238532,0.0855920401979663,0.7615521311712538
1024,england,2022-11-30,0.2410096462087912,0.0905177847252747,0.6684725687912088
